id_after,id_concert,nb_participant,id_avis,photos,video
1,4,64,16,photo_1.jpg,video_1.mp4
2,9,729,17,photo_2.jpg,video_2.mp4
3,3,257,8,photo_3.jpg,video_3.mp4
4,2,694,13,photo_4.jpg,video_4.mp4
5,3,347,9,photo_5.jpg,video_5.mp4
6,8,716,15,photo_6.jpg,video_6.mp4
7,10,4,19,photo_7.jpg,video_7.mp4
8,1,593,7,photo_8.jpg,video_8.mp4
9,4,468,15,photo_9.jpg,video_9.mp4
10,7,360,14,photo_10.jpg,video_10.mp4
11,5,384,18,photo_11.jpg,video_11.mp4
12,8,593,4,photo_12.jpg,video_12.mp4
13,4,588,16,photo_13.jpg,video_13.mp4
14,7,391,19,photo_14.jpg,video_14.mp4
15,3,565,6,photo_15.jpg,video_15.mp4
16,1,25,11,photo_16.jpg,video_16.mp4
17,5,84,5,photo_17.jpg,video_17.mp4
18,6,124,11,photo_18.jpg,video_18.mp4
19,6,891,5,photo_19.jpg,video_19.mp4
20,9,722,20,photo_20.jpg,video_20.mp4
